Date,Composite_HPI_SA,Single_Family_HPI_SA,One_Storey_HPI_SA,Two_Storey_HPI_SA,Townhouse_HPI_SA,Apartment_HPI_SA,Composite_Benchmark_SA,Single_Family_Benchmark_SA,One_Storey_Benchmark_SA,Two_Storey_Benchmark_SA,Townhouse_Benchmark_SA,Apartment_Benchmark_SA,Region
Jan 2005,100,100,100,100,100,100,122700,123000,118800,128800,83700,119900,NEW_BRUNSWICK
Feb 2005,100.4,100.5,100.8,100.3,100.1,100.3,123200,123600,119700,129200,83800,120200,NEW_BRUNSWICK
Mar 2005,101.1,101.2,101.6,101.1,100.2,100.5,124100,124500,120700,130200,83900,120500,NEW_BRUNSWICK
Apr 2005,101.2,101.2,101.6,101.1,100.4,100.7,124200,124500,120700,130200,84000,120700,NEW_BRUNSWICK
May 2005,101.5,101.5,101.9,101.2,100.5,100.9,124500,124800,121000,130400,84100,121000,NEW_BRUNSWICK
Jun 2005,101.9,101.9,101.9,101.7,100.6,101.2,125000,125300,121100,131000,84200,121300,NEW_BRUNSWICK
Jul 2005,102,102,102,101.7,100.7,101.4,125100,125400,121200,131000,84300,121600,NEW_BRUNSWICK
Aug 2005,102.3,102.3,102,101.9,100.8,101.7,125500,125800,121200,131300,84400,121900,NEW_BRUNSWICK
Sep 2005,102.6,102.6,102.1,101.6,101.1,101.9,125900,126200,121300,130800,84600,122200,NEW_BRUNSWICK
Oct 2005,102.9,103,102.9,102.3,101.2,102.2,126300,126700,122200,131700,84700,122500,NEW_BRUNSWICK
Nov 2005,103.3,103.3,103.6,102.3,101.3,102.4,126800,127100,123100,131800,84800,122800,NEW_BRUNSWICK
Dec 2005,103.7,103.7,104.6,102.6,101.4,102.7,127200,127500,124300,132200,84900,123100,NEW_BRUNSWICK
Jan 2006,103.7,103.7,104.5,102.9,101.6,103.4,127200,127500,124200,132500,85000,124000,NEW_BRUNSWICK
Feb 2006,103.6,103.6,104.2,103,101.8,104.2,127100,127400,123800,132700,85200,124900,NEW_BRUNSWICK
Mar 2006,103.7,103.7,104.1,103.5,101.9,104.9,127300,127600,123700,133300,85300,125800,NEW_BRUNSWICK
Apr 2006,104.6,104.6,105,104.3,102.2,105.7,128300,128600,124700,134300,85500,126700,NEW_BRUNSWICK
May 2006,105.5,105.6,106.1,105.1,102.3,106.5,129500,129900,126000,135400,85600,127700,NEW_BRUNSWICK
Jun 2006,106.8,106.8,107.1,106.2,102.4,107.3,131100,131400,127200,136800,85700,128600,NEW_BRUNSWICK
Jul 2006,106.4,106.5,106.9,105.6,102.2,107.8,130600,131000,127000,136000,85500,129300,NEW_BRUNSWICK
Aug 2006,106.4,106.4,106.7,105.3,101.8,108.4,130500,130900,126800,135600,85200,130000,NEW_BRUNSWICK
Sep 2006,106.3,106.3,106.6,104.3,101.6,109,130400,130700,126600,134300,85000,130700,NEW_BRUNSWICK
Oct 2006,106.8,106.8,107.2,105.6,101.2,109.6,131100,131400,127300,136000,84700,131400,NEW_BRUNSWICK
Nov 2006,107.3,107.3,107.8,106.2,101,110.3,131700,132000,128100,136800,84500,132200,NEW_BRUNSWICK
Dec 2006,107.8,107.8,108.5,107.1,100.7,110.8,132300,132600,128900,137900,84300,132900,NEW_BRUNSWICK
Jan 2007,109.1,109.1,110.1,108.2,101.3,111.1,133900,134200,130800,139400,84800,133200,NEW_BRUNSWICK
Feb 2007,110.4,110.4,111.4,109.6,102,111.3,135500,135800,132400,141200,85400,133500,NEW_BRUNSWICK
Mar 2007,112.1,112.1,113,111.3,102.6,111.6,137500,137900,134200,143300,85900,133800,NEW_BRUNSWICK
Apr 2007,111.7,111.7,112.4,110.9,103.3,111.8,137000,137400,133500,142900,86500,134000,NEW_BRUNSWICK
May 2007,111.4,111.5,112,110.7,104.1,112,136700,137100,133100,142600,87100,134300,NEW_BRUNSWICK
Jun 2007,111.5,111.5,111.4,110.8,104.7,112.3,136800,137200,132400,142700,87600,134600,NEW_BRUNSWICK
Jul 2007,111.7,111.7,112.4,110.3,104.4,112.3,137000,137400,133500,142100,87400,134700,NEW_BRUNSWICK
Aug 2007,112.1,112.1,113.2,110.2,104.1,112.4,137500,137900,134500,141900,87100,134800,NEW_BRUNSWICK
Sep 2007,112.6,112.6,114.1,109.5,103.8,112.4,138100,138500,135600,141000,86900,134800,NEW_BRUNSWICK
Oct 2007,113.4,113.5,114.9,111.4,103.5,112.5,139200,139600,136500,143500,86600,134900,NEW_BRUNSWICK
Nov 2007,114.4,114.5,115.7,112.7,103.2,112.6,140400,140800,137400,145200,86400,135000,NEW_BRUNSWICK
Dec 2007,115.3,115.4,116.6,114.4,102.9,112.8,141500,142000,138500,147300,86100,135200,NEW_BRUNSWICK
Jan 2008,116.1,116.2,117.9,114.3,103.8,113.9,142400,142900,140100,147200,86900,136600,NEW_BRUNSWICK
Feb 2008,116.8,116.9,119.1,114.5,104.7,115.1,143300,143800,141500,147500,87600,138000,NEW_BRUNSWICK
Mar 2008,117.8,117.9,120.4,114.8,105.4,116.7,144500,145000,143000,147900,88200,139900,NEW_BRUNSWICK
Apr 2008,118.3,118.3,120.6,115.2,106.2,118.3,145100,145500,143300,148400,88900,141900,NEW_BRUNSWICK
May 2008,118.8,118.9,121,115.8,107.4,119.9,145800,146300,143700,149200,89900,143800,NEW_BRUNSWICK
Jun 2008,119.6,119.7,121.4,116.7,108.4,121.9,146800,147200,144200,150300,90700,146100,NEW_BRUNSWICK
Jul 2008,120.5,120.5,122.5,117.5,107.6,121.5,147800,148200,145500,151400,90100,145700,NEW_BRUNSWICK
Aug 2008,121.4,121.5,123.6,118.6,108.2,121.1,148900,149500,146800,152700,90600,145200,NEW_BRUNSWICK
Sep 2008,122.5,122.6,124.8,119,107.6,120.9,150300,150800,148300,153300,90100,145000,NEW_BRUNSWICK
Oct 2008,122.1,122.4,125,118.9,109.6,120.2,149800,150500,148500,153100,91700,144100,NEW_BRUNSWICK
Nov 2008,121.9,122.1,125.3,118.2,112.8,120.1,149600,150200,148800,152300,94400,144000,NEW_BRUNSWICK
Dec 2008,121.9,122,125.8,117.7,113.3,120.1,149600,150100,149500,151600,94800,144000,NEW_BRUNSWICK
Jan 2009,121.8,121.9,125.3,117.9,114,121.8,149400,149900,148800,151800,95400,146000,NEW_BRUNSWICK
Feb 2009,121.4,121.5,124.6,117.9,115.5,123.9,149000,149400,148000,151800,96700,148500,NEW_BRUNSWICK
Mar 2009,121.5,121.4,124,117.9,117.8,127.2,149100,149300,147300,151800,98600,152500,NEW_BRUNSWICK
Apr 2009,121.8,121.8,124.7,117.6,117.4,130.5,149500,149800,148100,151500,98300,156500,NEW_BRUNSWICK
May 2009,122.5,122.4,125.5,117.9,119.7,133.1,150300,150600,149100,151900,100200,159600,NEW_BRUNSWICK
Jun 2009,123.1,123,126.2,118.3,121.9,136.9,151100,151300,149900,152400,102000,164200,NEW_BRUNSWICK
Jul 2009,123.6,123.5,126.8,118.9,123.2,135.1,151700,151900,150600,153200,103100,162000,NEW_BRUNSWICK
Aug 2009,124.1,124,127.3,119.6,127.5,133.9,152300,152500,151200,154100,106700,160600,NEW_BRUNSWICK
Sep 2009,125.1,125,128.3,120.7,131.7,132.2,153500,153800,152400,155500,110200,158500,NEW_BRUNSWICK
Oct 2009,125.8,125.7,128.7,121.9,133,130.5,154300,154600,152900,157000,111300,156500,NEW_BRUNSWICK
Nov 2009,126.2,126.1,128.6,123.1,133.9,129,154800,155100,152800,158600,112100,154700,NEW_BRUNSWICK
Dec 2009,126.8,126.8,129.3,123.9,135.6,127.4,155600,156000,153600,159600,113500,152700,NEW_BRUNSWICK
Jan 2010,125.2,125.1,128.1,121.4,143.2,128.4,153600,153900,152200,156300,119900,154000,NEW_BRUNSWICK
Feb 2010,127.8,127.8,128.6,126.6,142.7,123,156800,157200,152800,163000,119400,147500,NEW_BRUNSWICK
Mar 2010,128,128.1,128.8,126.4,140,117.2,157100,157600,153000,162800,117200,140500,NEW_BRUNSWICK
Apr 2010,127.6,127.7,129.5,124.9,139.4,121.8,156600,157100,153800,160900,116700,146000,NEW_BRUNSWICK
May 2010,128,128,130.1,125,141.1,122.7,157100,157500,154500,161000,118100,147100,NEW_BRUNSWICK
Jun 2010,127.9,128,130.5,124.2,143.4,120.4,156900,157400,155000,160000,120000,144400,NEW_BRUNSWICK
Jul 2010,128.4,128.5,130.2,126.1,149.7,119.3,157600,158000,154700,162400,125300,143000,NEW_BRUNSWICK
Aug 2010,128.4,128.3,129.6,126.5,152.8,127.6,157500,157800,154000,162900,127900,153000,NEW_BRUNSWICK
Sep 2010,127.9,127.7,128.2,126.7,160.9,128.4,156900,157100,152300,163200,134700,154000,NEW_BRUNSWICK
Oct 2010,127.7,127.6,128.3,126.2,162.5,130.6,156700,156900,152400,162600,136000,156600,NEW_BRUNSWICK
Nov 2010,128.4,128.3,129.3,127.1,164.6,126.6,157600,157800,153600,163700,137800,151800,NEW_BRUNSWICK
Dec 2010,128.2,128,128.1,127.3,169.2,129.9,157300,157400,152200,164000,141600,155800,NEW_BRUNSWICK
Jan 2011,129.1,128.9,129.2,128.6,175.4,129.9,158400,158600,153500,165600,146800,155800,NEW_BRUNSWICK
Feb 2011,128.7,128.5,129.7,126.9,170.1,130.5,157900,158000,154100,163500,142400,156500,NEW_BRUNSWICK
Mar 2011,130.2,130.2,131,128,169.2,123.4,159800,160200,155600,164900,141600,148000,NEW_BRUNSWICK
Apr 2011,130.7,130.6,131.8,129,166.5,128.2,160400,160600,156600,166100,139400,153700,NEW_BRUNSWICK
May 2011,130.2,130.1,131.2,128.3,177.1,123.1,159700,160000,155900,165300,148200,147600,NEW_BRUNSWICK
Jun 2011,131,131,130.9,130.6,178.4,121.3,160700,161100,155500,168200,149300,145400,NEW_BRUNSWICK
Jul 2011,129.6,129.5,130.6,127.6,172.8,124.3,159000,159300,155100,164400,144600,149000,NEW_BRUNSWICK
Aug 2011,129.7,129.5,130.5,128.2,174.1,126.6,159100,159300,155000,165100,145700,151800,NEW_BRUNSWICK
Sep 2011,130.2,130,131.5,128.2,173.8,125.4,159700,159900,156200,165100,145500,150400,NEW_BRUNSWICK
Oct 2011,129.5,129.4,129.6,129,173.6,125.6,158900,159200,154000,166100,145300,150600,NEW_BRUNSWICK
Nov 2011,129.4,129.3,130.1,128.3,174.6,126.5,158800,159100,154600,165300,146100,151700,NEW_BRUNSWICK
Dec 2011,129.5,129.3,130,128,171,134.3,158900,159100,154400,164800,143100,161000,NEW_BRUNSWICK
Jan 2012,128.9,128.8,130.6,126.6,167.6,132,158100,158400,155100,163100,140300,158300,NEW_BRUNSWICK
Feb 2012,129.1,129,131,127.1,170.3,129.6,158400,158700,155600,163700,142500,155400,NEW_BRUNSWICK
Mar 2012,128.7,128.5,130.3,124.7,171.7,128.8,157900,158100,154800,160600,143700,154400,NEW_BRUNSWICK
Apr 2012,129.2,129,129.1,128.9,174.4,127.2,158500,158700,153400,166000,146000,152500,NEW_BRUNSWICK
May 2012,129.6,129.5,129.1,129.8,173.8,124.9,159000,159300,153400,167200,145500,149800,NEW_BRUNSWICK
Jun 2012,129.5,129.3,128.9,129.6,180,127.9,158900,159000,153100,166900,150700,153400,NEW_BRUNSWICK
Jul 2012,129.7,129.4,129.5,129,178.1,128.4,159100,159200,153800,166200,149100,153900,NEW_BRUNSWICK
Aug 2012,129.3,129.2,129.9,128.2,174.8,128.4,158700,158900,154300,165100,146300,153900,NEW_BRUNSWICK
Sep 2012,128.4,128.2,129.4,126.5,174.4,130.9,157600,157700,153700,162900,146000,156900,NEW_BRUNSWICK
Oct 2012,128.7,128.5,129.5,127.4,175.7,132.4,157900,158000,153800,164100,147100,158800,NEW_BRUNSWICK
Nov 2012,127.5,127.3,127.9,126.5,176,130.3,156400,156600,151900,162900,147300,156200,NEW_BRUNSWICK
Dec 2012,128.1,127.9,128.1,126.9,173.4,131.7,157200,157300,152200,163500,145100,157900,NEW_BRUNSWICK
Jan 2013,128.4,128,129.7,126.5,179.6,136.4,157500,157500,154100,162900,150300,163500,NEW_BRUNSWICK
Feb 2013,128.3,128,128.8,127.5,177.8,135,157400,157400,153000,164200,148800,161900,NEW_BRUNSWICK
Mar 2013,127.7,127.4,126.4,126.9,179.3,129.9,156700,156700,150200,163500,150100,155700,NEW_BRUNSWICK
Apr 2013,128.4,128.2,128.8,127.4,176.8,129.9,157600,157700,153000,164100,148000,155700,NEW_BRUNSWICK
May 2013,128,127.9,129,126.4,170.7,129.1,157100,157300,153200,162800,142900,154800,NEW_BRUNSWICK
Jun 2013,127.6,127.5,129.5,124.9,172.6,129.9,156600,156800,153800,160900,144500,155800,NEW_BRUNSWICK
Jul 2013,127.3,127.2,128.4,125.2,169.9,132.8,156200,156400,152500,161300,142200,159200,NEW_BRUNSWICK
Aug 2013,128.1,128,129,126.6,166.4,133.2,157200,157400,153200,163000,139300,159700,NEW_BRUNSWICK
Sep 2013,128.4,128.4,128.6,128,168,129.9,157600,157900,152800,164800,140600,155800,NEW_BRUNSWICK
Oct 2013,129.4,129.3,130.6,128.1,166.3,131.2,158800,159000,155100,165000,139200,157300,NEW_BRUNSWICK
Nov 2013,128.8,128.7,130,127.4,161.3,134.5,158000,158300,154400,164100,135000,161300,NEW_BRUNSWICK
Dec 2013,128.4,128.3,131.2,124.4,159.1,132.8,157600,157800,155900,160200,133200,159200,NEW_BRUNSWICK
Jan 2014,128.8,128.8,130,128.2,161.4,127.6,158000,158400,154400,165100,135100,153000,NEW_BRUNSWICK
Feb 2014,130,130,131.1,129,160.9,123.9,159500,159900,155800,166200,134700,148500,NEW_BRUNSWICK
Mar 2014,130.2,130.3,131.6,126.9,164.2,120.7,159800,160300,156400,163500,137400,144700,NEW_BRUNSWICK
Apr 2014,129.7,129.6,131.1,127,166.8,122.3,159100,159400,155800,163600,139600,146600,NEW_BRUNSWICK
May 2014,129.8,130,131.6,127.4,163.2,119.4,159300,159900,156300,164100,136600,143200,NEW_BRUNSWICK
Jun 2014,130.2,130.2,131.1,128.9,166.5,121.6,159700,160100,155700,166000,139400,145800,NEW_BRUNSWICK
Jul 2014,130.6,130.7,131.7,129.8,163.8,119,160300,160800,156500,167200,137100,142700,NEW_BRUNSWICK
Aug 2014,128.8,128.7,129.7,127.3,169.3,123.3,158000,158300,154100,163900,141700,147800,NEW_BRUNSWICK
Sep 2014,128.2,128.1,128.9,127.3,172.4,125.1,157300,157600,153100,164000,144300,150000,NEW_BRUNSWICK
Oct 2014,127.4,127.2,128.7,125.7,172.2,126,156300,156500,152900,161900,144100,151100,NEW_BRUNSWICK
Nov 2014,128.4,128.4,130.6,126.2,172.8,127.9,157600,157900,155100,162600,144600,153400,NEW_BRUNSWICK
Dec 2014,128.6,128.5,130,126.8,175.6,123.9,157800,158100,154400,163300,147000,148600,NEW_BRUNSWICK
Jan 2015,128.9,128.9,130.4,128.3,169.1,126.4,158200,158500,154900,165200,141500,151600,NEW_BRUNSWICK
Feb 2015,126,125.7,129.1,121.2,175.6,131.4,154600,154600,153400,156100,147000,157600,NEW_BRUNSWICK
Mar 2015,127.8,127.6,129.5,123.8,187,120.6,156800,157000,153800,159500,156500,144600,NEW_BRUNSWICK
Apr 2015,126.9,126.7,128.9,123.1,182.4,124.3,155700,155900,153100,158600,152700,149000,NEW_BRUNSWICK
May 2015,126.7,126.5,127.2,124.8,179.2,122.4,155400,155600,151100,160700,150000,146700,NEW_BRUNSWICK
Jun 2015,126.5,126.4,128.9,122.9,176.6,118.5,155200,155500,153100,158300,147800,142100,NEW_BRUNSWICK
Jul 2015,127.2,127.2,129.9,124.2,171.6,118.3,156100,156500,154300,160000,143600,141900,NEW_BRUNSWICK
Aug 2015,128.4,128.5,131.1,125.5,165.8,118.8,157600,158000,155700,161600,138800,142400,NEW_BRUNSWICK
Sep 2015,127.5,127.4,131.3,123.6,170.4,119.4,156400,156700,156000,159200,142600,143200,NEW_BRUNSWICK
Oct 2015,126.6,126.6,130.2,122.4,165.9,116.2,155300,155700,154700,157600,138900,139300,NEW_BRUNSWICK
Nov 2015,126.2,126.2,129.1,122.9,155.3,117.4,154800,155200,153400,158300,130000,140800,NEW_BRUNSWICK
Dec 2015,126.1,126.1,127.4,124.8,157.6,114.3,154700,155100,151400,160700,131900,137100,NEW_BRUNSWICK
Jan 2016,125.1,125.2,126.3,124.7,154.2,112.3,153500,154000,150100,160600,129100,134600,NEW_BRUNSWICK
Feb 2016,123.6,123.7,127.2,118.7,145.9,115.9,151600,152100,151100,152900,122100,139000,NEW_BRUNSWICK
Mar 2016,123.3,123.4,126.3,118.2,148.6,115.3,151300,151800,150100,152300,124400,138200,NEW_BRUNSWICK
Apr 2016,124.3,124.4,128.3,118.2,154.6,113.9,152500,153000,152400,152200,129400,136600,NEW_BRUNSWICK
May 2016,125.3,125.3,129.3,119.3,153.3,116.3,153700,154100,153600,153700,128300,139500,NEW_BRUNSWICK
Jun 2016,125.7,125.6,129.4,120.9,151.6,121.4,154200,154500,153700,155700,126900,145500,NEW_BRUNSWICK
Jul 2016,126.1,126.1,129.6,122.4,152.1,116.8,154700,155100,154000,157600,127300,140000,NEW_BRUNSWICK
Aug 2016,125.4,125.5,128.1,122,149.2,117.1,153900,154400,152200,157200,124900,140400,NEW_BRUNSWICK
Sep 2016,126.9,127,130.6,123.3,149.2,115.9,155700,156200,155200,158800,124900,139000,NEW_BRUNSWICK
Oct 2016,127.4,127.5,130.4,124.2,145.2,120.4,156300,156800,154900,160000,121500,144400,NEW_BRUNSWICK
Nov 2016,127,127.2,130.1,123.5,147.6,116.8,155800,156400,154500,159100,123500,140100,NEW_BRUNSWICK
Dec 2016,126.2,126.3,130,122,148.3,114.5,154900,155400,154400,157200,124100,137300,NEW_BRUNSWICK
Jan 2017,126.4,126.5,129.8,122.9,151.6,114.9,155100,155600,154200,158300,126900,137800,NEW_BRUNSWICK
Feb 2017,127.5,127.7,129.1,125.5,149.8,118,156500,157100,153400,161700,125400,141500,NEW_BRUNSWICK
Mar 2017,127.2,127.2,130.2,122.4,145.6,119.4,156100,156500,154700,157600,121900,143200,NEW_BRUNSWICK
Apr 2017,127.3,127.3,129.8,123.4,148.1,119.5,156200,156600,154200,158900,124000,143300,NEW_BRUNSWICK
May 2017,127.5,127.7,130.9,122.6,151.5,119.6,156500,157100,155500,157900,126800,143400,NEW_BRUNSWICK
Jun 2017,128.6,128.7,131.4,125.3,152.7,120.4,157800,158300,156100,161400,127800,144300,NEW_BRUNSWICK
Jul 2017,129.3,129.3,132.1,125.9,152.9,122.4,158600,159100,156900,162100,128000,146700,NEW_BRUNSWICK
Aug 2017,130.5,130.6,133,127.6,145.6,121.7,160100,160600,158000,164300,121900,145900,NEW_BRUNSWICK
Sep 2017,129.9,130.1,132,127.8,139.7,120.8,159400,160000,156800,164600,116900,144800,NEW_BRUNSWICK
Oct 2017,130.1,130.2,131.6,128.6,141,124.4,159600,160100,156400,165700,118000,149100,NEW_BRUNSWICK
Nov 2017,130.3,130.6,131.6,129,142.4,121.4,159900,160600,156400,166100,119200,145600,NEW_BRUNSWICK
Dec 2017,131.9,132,133.8,130.3,134.4,123,161800,162400,158900,167800,112500,147500,NEW_BRUNSWICK
Jan 2018,131.4,131.6,134.4,128.6,136.7,117.3,161200,161900,159700,165700,114400,140700,NEW_BRUNSWICK
Feb 2018,131.5,131.7,133.4,129.3,133.3,123.7,161400,162000,158500,166600,111600,148300,NEW_BRUNSWICK
Mar 2018,132.4,132.6,132.8,131.8,135.2,121.1,162400,163100,157800,169700,113200,145200,NEW_BRUNSWICK
Apr 2018,132.5,132.8,133.2,131.4,143,123.1,162600,163300,158200,169200,119700,147600,NEW_BRUNSWICK
May 2018,132.4,132.7,133.3,130.9,136.9,121.5,162500,163200,158400,168600,114600,145700,NEW_BRUNSWICK
Jun 2018,133.1,133.4,134,132.5,136.9,120.1,163300,164100,159200,170700,114600,144000,NEW_BRUNSWICK
Jul 2018,131.9,132.2,133.2,130.5,139.2,122.9,161900,162600,158200,168100,116500,147400,NEW_BRUNSWICK
Aug 2018,131.5,131.9,133.3,129.7,141.6,120.9,161400,162200,158400,167100,118500,145000,NEW_BRUNSWICK
Sep 2018,131.6,131.8,133.3,129.6,137.9,129.6,161500,162100,158400,166900,115400,155400,NEW_BRUNSWICK
Oct 2018,133.1,133.3,135.2,131.1,138.8,129,163300,164000,160600,168800,116200,154700,NEW_BRUNSWICK
Nov 2018,135.5,135.9,137,134.4,137.4,124.8,166300,167100,162800,173100,115000,149600,NEW_BRUNSWICK
Dec 2018,135.3,135.6,136.9,134.5,135.5,123.9,166000,166800,162600,173200,113400,148500,NEW_BRUNSWICK
Jan 2019,135.8,136.2,136.3,136.7,137.5,123.4,166600,167500,161900,176100,115100,147900,NEW_BRUNSWICK
Feb 2019,134.8,135,135.7,134,146.2,124.9,165400,166000,161200,172600,122400,149700,NEW_BRUNSWICK
Mar 2019,134.9,135,134.8,135.2,154.7,122.4,165500,166100,160200,174200,129500,146700,NEW_BRUNSWICK
Apr 2019,135.7,135.9,136.2,135.1,151.4,128.8,166500,167100,161800,174000,126700,154400,NEW_BRUNSWICK
May 2019,136.1,136.3,136.1,135.6,160.9,130.3,167000,167600,161700,174600,134700,156200,NEW_BRUNSWICK
Jun 2019,136.1,136.3,136.2,135.6,156.8,125.8,167000,167700,161800,174700,131200,150800,NEW_BRUNSWICK
Jul 2019,137.1,137.2,136.4,137.5,159.7,132.9,168200,168800,162000,177100,133700,159300,NEW_BRUNSWICK
Aug 2019,138,138.2,138,138.4,157.5,131.9,169300,170000,163900,178200,131800,158200,NEW_BRUNSWICK
Sep 2019,139.4,139.7,139.1,140.1,157.5,130.4,171100,171800,165300,180500,131800,156400,NEW_BRUNSWICK
Oct 2019,140.5,140.8,140.4,141.4,158.9,130.8,172400,173200,166800,182100,133000,156800,NEW_BRUNSWICK
Nov 2019,141.2,141.5,141.2,141.4,158.5,136.1,173300,174000,167800,182100,132700,163200,NEW_BRUNSWICK
Dec 2019,141.4,141.5,140.8,142.1,160.9,139.4,173500,174000,167300,183000,134700,167100,NEW_BRUNSWICK
Jan 2020,142.8,142.8,142.7,143.4,165.7,142.6,175200,175600,169500,184700,138700,171000,NEW_BRUNSWICK
Feb 2020,143.5,143.7,143.7,144.1,164.6,136.6,176100,176800,170700,185600,137800,163800,NEW_BRUNSWICK
Mar 2020,143.8,144.1,144.5,144.2,168.5,135.1,176500,177200,171700,185700,141000,162000,NEW_BRUNSWICK
Apr 2020,143.2,143.4,141.9,145.3,169.7,135.9,175700,176400,168600,187100,142000,163000,NEW_BRUNSWICK
May 2020,143.4,143.7,142.3,145.3,168.6,135.6,176000,176800,169100,187100,141100,162600,NEW_BRUNSWICK
Jun 2020,144.5,144.9,143.6,145.6,170.5,133.1,177300,178200,170600,187500,142700,159600,NEW_BRUNSWICK
Jul 2020,147.2,147.6,147.4,147.1,174.2,133.9,180600,181500,175100,189500,145800,160500,NEW_BRUNSWICK
Aug 2020,151,151.4,151.8,150.3,172.4,141.6,185300,186200,180300,193600,144300,169800,NEW_BRUNSWICK
Sep 2020,154.6,155,156.4,152.8,172.2,145.5,189700,190600,185800,196800,144100,174400,NEW_BRUNSWICK
Oct 2020,157.4,157.8,158.8,156.1,175.3,143.7,193100,194100,188700,201100,146700,172300,NEW_BRUNSWICK
Nov 2020,160.3,160.8,161,159.4,174.6,145.3,196700,197800,191300,205300,146100,174200,NEW_BRUNSWICK
Dec 2020,164.1,164.5,165.5,162.2,181,146.2,201300,202300,196600,208900,151500,175300,NEW_BRUNSWICK
Jan 2021,166.7,167.2,167.6,165.8,183.4,147.8,204500,205600,199100,213600,153500,177200,NEW_BRUNSWICK
Feb 2021,170.3,170.8,171.7,170,187.7,145.1,209000,210100,204000,219000,157100,174000,NEW_BRUNSWICK
Mar 2021,173.6,174.1,175.8,172.9,197.5,154.4,213000,214100,208800,222700,165300,185100,NEW_BRUNSWICK
Apr 2021,178,178.4,180.1,177.3,206.5,159.9,218400,219400,214000,228400,172800,191700,NEW_BRUNSWICK
May 2021,181.4,181.8,183.6,180.7,212.1,165.7,222600,223600,218100,232700,177500,198700,NEW_BRUNSWICK
Jun 2021,183.9,184.1,185.8,182.3,228.6,178.7,225600,226500,220700,234800,191300,214300,NEW_BRUNSWICK
Jul 2021,187.5,187.8,189.9,185.3,236.7,172.4,230100,231000,225600,238700,198100,206700,NEW_BRUNSWICK
Aug 2021,192.3,192.6,193.3,190.6,237.9,180.7,235900,236900,229600,245500,199100,216700,NEW_BRUNSWICK
Sep 2021,196.7,197.1,196.7,195.5,241.8,178.6,241400,242400,233700,251800,202400,214100,NEW_BRUNSWICK
Oct 2021,201.9,202.2,202.9,198.9,250.8,184.4,247700,248700,241000,256200,209900,221100,NEW_BRUNSWICK
Nov 2021,206.5,206.8,208.6,202,252,185.6,253400,254400,247800,260200,210900,222500,NEW_BRUNSWICK
Dec 2021,210.7,211.1,212.5,206.6,254.8,182.6,258500,259700,252400,266100,213300,218900,NEW_BRUNSWICK
Jan 2022,215.9,216.3,217.8,211.9,261.4,192.2,264900,266000,258800,272900,218800,230400,NEW_BRUNSWICK
Feb 2022,222.7,223.1,225.6,220.2,270.1,193.4,273300,274400,268000,283600,226100,231900,NEW_BRUNSWICK
Mar 2022,227.9,228,233.4,223.7,279.5,207.8,279600,280500,277300,288100,233900,249100,NEW_BRUNSWICK
Apr 2022,231.1,231.3,236.5,227.1,289,210.3,283500,284500,281000,292500,241900,252100,NEW_BRUNSWICK
May 2022,233.9,234.1,238,231.8,308.4,217.6,287000,287900,282700,298600,258100,260900,NEW_BRUNSWICK
Jun 2022,237.1,237.4,240.7,235.5,313.4,227.6,290900,292000,286000,303300,262300,272900,NEW_BRUNSWICK
Jul 2022,236.9,236.9,238,236.9,318.2,226.6,290700,291400,282700,305100,266300,271700,NEW_BRUNSWICK
Aug 2022,232.9,232.9,232.9,230.8,316.5,226.9,285800,286500,276700,297300,264900,272100,NEW_BRUNSWICK
Sep 2022,231.1,231.1,228.6,230,310,223.4,283600,284200,271600,296300,259500,267900,NEW_BRUNSWICK
Jan 2005,100,100,100,100,100,100,144500,141700,124100,156900,165500,170500,NOVA_SCOTIA
Feb 2005,99.8,99.7,100.6,99,100.2,99.9,144200,141300,124800,155400,165900,170300,NOVA_SCOTIA
Mar 2005,100.1,100.1,100.8,99.9,100.5,99.8,144700,141900,125100,156800,166300,170100,NOVA_SCOTIA
Apr 2005,99.9,100,102.4,98.7,100.7,99.6,144400,141700,127100,154800,166600,169900,NOVA_SCOTIA
May 2005,100.8,101.1,102,100.7,100.9,99.5,145700,143200,126600,158000,167000,169600,NOVA_SCOTIA
Jun 2005,100.5,100.6,101.9,100.4,101.1,99.4,145200,142600,126500,157600,167400,169400,NOVA_SCOTIA
Jul 2005,101.2,101.4,103.8,100.4,102.8,99.5,146200,143700,128800,157500,170200,169600,NOVA_SCOTIA
Aug 2005,102.3,102.6,103.6,102.4,104.5,99.6,147800,145400,128600,160600,173000,169900,NOVA_SCOTIA
Sep 2005,101.1,101.3,102.8,101.1,106.3,99.8,146100,143500,127600,158700,175900,170100,NOVA_SCOTIA
Oct 2005,102.5,102.9,103.9,102.4,104.7,99.2,148100,145800,129000,160700,173200,169100,NOVA_SCOTIA
Nov 2005,103,103.5,104.8,102.7,103,98.6,148900,146700,130100,161200,170500,168100,NOVA_SCOTIA
Dec 2005,102.6,103.2,105.2,102.7,101.5,98,148300,146300,130600,161100,167900,167100,NOVA_SCOTIA
Jan 2006,102.8,103.2,104.8,102.2,103.3,97.9,148500,146300,130000,160400,170900,166900,NOVA_SCOTIA
Feb 2006,104.8,105.5,107.3,104,105.1,97.7,151500,149500,133100,163200,173900,166600,NOVA_SCOTIA
Mar 2006,105.7,106.4,107,106.1,106.9,97.6,152800,150700,132800,166500,176900,166400,NOVA_SCOTIA
Apr 2006,106,106.6,107.8,106.4,106.9,98.8,153100,151100,133800,167000,177000,168500,NOVA_SCOTIA
May 2006,105.4,105.9,108.3,104.6,106.9,100.1,152300,150100,134400,164100,177000,170600,NOVA_SCOTIA
Jun 2006,106.4,107,109.3,106.1,106.9,101.3,153800,151600,135600,166500,177000,172700,NOVA_SCOTIA
Jul 2006,107.1,107.8,110.1,106.8,106.8,102.5,154800,152800,136600,167500,176700,174700,NOVA_SCOTIA
Aug 2006,105.7,106,108.9,104.4,106.6,103.6,152700,150200,135100,163800,176400,176600,NOVA_SCOTIA
Sep 2006,105.1,105.2,109.8,102.9,106.5,104.8,151800,149000,136200,161400,176200,178600,NOVA_SCOTIA
Oct 2006,107.8,108.1,111.1,106.4,107.1,106.4,155800,153200,137900,166900,177300,181400,NOVA_SCOTIA
Nov 2006,107.8,107.9,109.2,107.2,107.7,108,155800,152900,135500,168200,178300,184200,NOVA_SCOTIA
Dec 2006,109.8,110,113.2,108.5,108.4,109.7,158600,155900,140500,170200,179400,187000,NOVA_SCOTIA
Jan 2007,110.7,111.2,114.4,109.1,108.3,107.3,160000,157600,142000,171100,179300,183000,NOVA_SCOTIA
Feb 2007,110.2,110.8,114,108.2,108.3,105,159300,157000,141500,169700,179200,179000,NOVA_SCOTIA
Mar 2007,110.2,110.9,116.4,107.6,108.2,102.7,159200,157200,144400,168900,179100,175100,NOVA_SCOTIA
Apr 2007,110.5,111.4,115,109.2,108.9,103.3,159700,157800,142700,171400,180300,176200,NOVA_SCOTIA
May 2007,111.8,112.7,115.5,111.3,109.7,104,161600,159700,143300,174700,181600,177300,NOVA_SCOTIA
Jun 2007,111.8,112.6,116.7,110.5,110.5,104.6,161500,159600,144800,173300,182800,178400,NOVA_SCOTIA
Jul 2007,111.4,112.1,115.4,110.5,111.1,105.2,161000,158900,143200,173400,183900,179400,NOVA_SCOTIA
Aug 2007,113.4,114.4,117,113.2,111.7,105.8,163900,162100,145200,177600,184900,180400,NOVA_SCOTIA
Sep 2007,114.2,115.2,118.9,113.1,112.4,106.3,165000,163200,147500,177400,186000,181300,NOVA_SCOTIA
Oct 2007,113.8,114.7,116.8,113.6,112.6,106.1,164400,162500,145000,178200,186400,180900,NOVA_SCOTIA
Nov 2007,114,115,117.6,113.3,112.9,105.8,164800,163000,145900,177700,186900,180400,NOVA_SCOTIA
Dec 2007,113.8,114.9,117.8,113.1,113.2,105.5,164400,162800,146200,177500,187300,179900,NOVA_SCOTIA
Jan 2008,116.4,117.4,119.4,116,115.8,106.9,168200,166400,148200,182000,191700,182300,NOVA_SCOTIA
Feb 2008,118.8,119.7,120.6,118.8,118.5,108.4,171600,169600,149700,186400,196200,184900,NOVA_SCOTIA
Mar 2008,117.9,118.4,120.7,118,121.3,109.9,170300,167800,149800,185100,200800,187400,NOVA_SCOTIA
Apr 2008,118.4,119,121.6,117.5,120.4,110.9,171100,168600,150900,184300,199300,189000,NOVA_SCOTIA
May 2008,118.8,119.5,123.2,117.6,120.1,111.3,171700,169400,152900,184500,198700,189700,NOVA_SCOTIA
Jun 2008,118.1,118.8,122,117.1,119.3,112,170700,168300,151400,183700,197400,191000,NOVA_SCOTIA
Jul 2008,119.4,120.3,123.5,118.7,120.7,111.7,172600,170400,153300,186300,199700,190500,NOVA_SCOTIA
Aug 2008,119.8,120.6,124.5,118.7,121.7,111.7,173100,170900,154500,186200,201400,190500,NOVA_SCOTIA
Sep 2008,120.8,121.7,125.3,119.3,122.9,111.5,174600,172500,155500,187200,203400,190100,NOVA_SCOTIA
Oct 2008,120.4,121.2,125.5,118.7,123,111.1,174000,171800,155800,186200,203600,189500,NOVA_SCOTIA
Nov 2008,120.7,121.6,125.5,118.8,122.8,111.2,174400,172300,155700,186400,203300,189600,NOVA_SCOTIA
Dec 2008,120.1,121,125.2,118.6,122.7,111.3,173600,171500,155400,186100,203100,189800,NOVA_SCOTIA
Jan 2009,118.4,119.1,125.9,114.2,121.7,110,171100,168800,156200,179200,201400,187600,NOVA_SCOTIA
Feb 2009,118.3,119.1,121.4,117.8,120.6,108.7,171000,168700,150600,184800,199600,185300,NOVA_SCOTIA
Mar 2009,118.3,119.1,124.5,116.8,119.5,107.3,171000,168800,154500,183200,197700,183000,NOVA_SCOTIA
Apr 2009,119.8,120.7,125.4,117.8,120,110,173100,171000,155600,184900,198600,187600,NOVA_SCOTIA
May 2009,119.4,120,124.7,117.2,120.2,112.8,172500,170000,154700,183900,198900,192300,NOVA_SCOTIA
Jun 2009,121.3,122,126.2,119.7,120.1,115.4,175300,172900,156600,187800,198700,196800,NOVA_SCOTIA
Jul 2009,121.5,122.3,126.2,120.3,121.5,114.5,175600,173300,156600,188800,201000,195200,NOVA_SCOTIA
Aug 2009,122.4,123.4,128.4,120.9,123,113.4,176900,174800,159400,189700,203500,193300,NOVA_SCOTIA
Sep 2009,123.5,124.6,128,122.2,124.4,112.1,178400,176500,158800,191700,205800,191100,NOVA_SCOTIA
Oct 2009,123.6,124.6,128.7,122.5,124.8,113.3,178600,176600,159700,192200,206600,193200,NOVA_SCOTIA
Nov 2009,124.3,125.1,129.5,121.7,125.1,114.8,179600,177300,160700,191000,207100,195800,NOVA_SCOTIA
Dec 2009,126.4,127.5,130.3,126.1,125.7,115.2,182600,180700,161700,197900,208000,196500,NOVA_SCOTIA
Jan 2010,126,127,128.7,125.6,123.7,118.4,182000,179900,159700,197000,204700,201800,NOVA_SCOTIA
Feb 2010,128,128.5,134.3,125.3,131.4,120.9,185000,182100,166700,196600,217500,206200,NOVA_SCOTIA
Mar 2010,124.9,125.3,128.8,124.2,127.9,118.9,180500,177500,159800,194900,211700,202800,NOVA_SCOTIA
Apr 2010,126.9,127.9,130.4,126.3,126.3,117.6,183400,181200,161800,198200,209100,200500,NOVA_SCOTIA
May 2010,127.8,129.1,131.4,127.8,125.8,115.5,184600,182900,163100,200500,208200,197000,NOVA_SCOTIA
Jun 2010,128.7,130,132,129.1,127.5,115.2,185900,184200,163800,202500,211000,196400,NOVA_SCOTIA
Jul 2010,128.4,129.2,131.7,128,130.8,120,185500,183100,163500,200900,216500,204600,NOVA_SCOTIA
Aug 2010,127.6,128.4,130.9,128,133,118.9,184400,181900,162400,200800,220100,202800,NOVA_SCOTIA
Sep 2010,130.5,131.4,133.1,130.8,138,118.1,188600,186200,165200,205200,228400,201400,NOVA_SCOTIA
Oct 2010,130.2,130.8,133.1,130,140.5,119.2,188100,185400,165200,204000,232500,203200,NOVA_SCOTIA
Nov 2010,133.1,133.8,135.3,132.7,137.7,123.8,192400,189600,167900,208200,227900,211100,NOVA_SCOTIA
Dec 2010,130.9,131.6,133.7,130.7,132.9,124,189200,186500,165900,205000,219900,211400,NOVA_SCOTIA
Jan 2011,132.7,133.4,135.5,131.8,137.9,125.5,191800,189000,168100,206800,228300,214000,NOVA_SCOTIA
Feb 2011,132.2,132.7,135.5,132.2,142.4,121.8,191000,188000,168100,207500,235700,207700,NOVA_SCOTIA
Mar 2011,134.7,135.7,137.4,135.8,143.1,118.4,194700,192300,170500,213000,236800,201900,NOVA_SCOTIA
Apr 2011,135.7,136.9,138.1,137.2,138.2,122.3,196100,194000,171400,215300,228700,208600,NOVA_SCOTIA
May 2011,135.3,136.3,138.6,135.2,138.7,124.7,195500,193100,172000,212200,229500,212600,NOVA_SCOTIA
Jun 2011,134.5,135.5,138.6,133.8,135.8,123.8,194300,192000,172000,210000,224800,211000,NOVA_SCOTIA
Jul 2011,135.6,136.6,138.8,135.6,141.9,123.6,195900,193600,172300,212700,234800,210800,NOVA_SCOTIA
Aug 2011,134.2,135.1,137.6,134.6,140.2,123,193900,191400,170800,211200,232000,209800,NOVA_SCOTIA
Sep 2011,133.9,135.1,137,135.1,139.9,118.9,193500,191500,170000,212000,231600,202800,NOVA_SCOTIA
Oct 2011,135.4,136.8,139.8,135.7,139.1,119.9,195700,193800,173500,212900,230200,204400,NOVA_SCOTIA
Nov 2011,136.5,137.8,138,137.5,141.9,121.3,197300,195200,171300,215800,234800,206900,NOVA_SCOTIA
Dec 2011,137.2,138.3,140.5,137.3,141.1,123.8,198200,196000,174300,215400,233600,211000,NOVA_SCOTIA
Jan 2012,138.9,140.4,141.4,140,139,123.6,200700,198900,175500,219600,230100,210700,NOVA_SCOTIA
Feb 2012,139.3,140.3,145.4,138.4,139.2,128.1,201300,198800,180500,217100,230300,218400,NOVA_SCOTIA
Mar 2012,139.7,140.5,141.3,141.1,139.9,129.1,201900,199100,175400,221400,231500,220200,NOVA_SCOTIA
Apr 2012,140.2,140.9,142.1,141.3,142.8,130.4,202600,199600,176400,221700,236300,222400,NOVA_SCOTIA
May 2012,141.3,142.2,143.3,142.4,147.4,129,204200,201500,177800,223500,243900,219900,NOVA_SCOTIA
Jun 2012,141,141.9,143.5,141.4,145.2,129.2,203700,201100,178100,221800,240300,220300,NOVA_SCOTIA
Jul 2012,141.3,142.3,143.8,141.8,149.1,127.2,204200,201700,178500,222500,246800,216900,NOVA_SCOTIA
Aug 2012,142.5,143.3,144.4,143.3,150.5,131.8,205900,203000,179200,224900,249100,224700,NOVA_SCOTIA
Sep 2012,141,141.4,142.9,141.7,149.7,132.4,203800,200400,177400,222300,247800,225800,NOVA_SCOTIA
Oct 2012,141.9,142.2,142.7,142.3,153.4,133.9,205100,201500,177100,223300,253900,228300,NOVA_SCOTIA
Nov 2012,142.6,142.7,144,141.7,154.9,136.1,206100,202200,178700,222400,256400,232000,NOVA_SCOTIA
Dec 2012,143.2,143.2,145.5,142,155.2,137.8,206900,202900,180600,222800,256900,235000,NOVA_SCOTIA
Jan 2013,141,141.4,144.5,139.1,150.7,135.1,203800,200300,179300,218300,249400,230300,NOVA_SCOTIA
Feb 2013,141.5,142.1,144.4,142,150.8,129.9,204400,201400,179200,222800,249500,221400,NOVA_SCOTIA
Mar 2013,143.1,143.5,147.1,142.4,149.4,135.5,206800,203400,182600,223500,247300,231000,NOVA_SCOTIA
Apr 2013,141.4,141.7,143.9,141.7,149.5,133.4,204300,200800,178600,222400,247500,227500,NOVA_SCOTIA
May 2013,141.1,141,142.6,141,152,139.1,203900,199800,177000,221300,251600,237200,NOVA_SCOTIA
Jun 2013,142.6,142.8,143.1,143.7,151.7,138,206100,202400,177600,225400,251000,235300,NOVA_SCOTIA
Jul 2013,142.6,142.8,144.2,142.6,153.1,138.1,206000,202400,179000,223800,253400,235500,NOVA_SCOTIA
Aug 2013,141.5,141.6,142.6,141.1,154.4,137,204400,200600,177000,221400,255600,233600,NOVA_SCOTIA
Sep 2013,140.6,140.4,143.8,139,156.3,135.8,203100,199000,178500,218100,258600,231500,NOVA_SCOTIA
Oct 2013,141,141,142.9,139.8,158,134.4,203700,199800,177400,219400,261500,229100,NOVA_SCOTIA
Nov 2013,139.8,139.9,141.1,139.2,156,132.1,202000,198200,175100,218400,258200,225300,NOVA_SCOTIA
Dec 2013,140.8,141.1,141.2,141.9,153.3,130.7,203400,200000,175200,222600,253700,222900,NOVA_SCOTIA
Jan 2014,142.3,143.2,145,142.1,146.4,134.2,205600,202900,179900,222900,242300,228800,NOVA_SCOTIA
Feb 2014,140.6,140.6,140.9,141.6,151.4,136.3,203100,199300,174900,222100,250600,232400,NOVA_SCOTIA
Mar 2014,139.6,139.4,141.8,139.5,152.7,134.7,201700,197600,176000,218800,252700,229700,NOVA_SCOTIA
Apr 2014,136.9,136.7,141.6,135.7,151.8,133,197800,193700,175700,212900,251300,226800,NOVA_SCOTIA
May 2014,139,139.4,141.6,139.6,154.9,129,200900,197600,175700,219000,256400,220000,NOVA_SCOTIA
Jun 2014,140,140.3,142.5,139.8,156,133.6,202300,198800,176900,219400,258100,227800,NOVA_SCOTIA
Jul 2014,138.8,138.7,141.9,137.3,156.5,135.4,200500,196600,176100,215400,259000,230800,NOVA_SCOTIA
Aug 2014,140.8,141,143.4,139.7,155.6,136.9,203500,199800,177900,219200,257500,233400,NOVA_SCOTIA
Sep 2014,140.6,140.8,143.2,139.5,156.2,134.4,203100,199500,177700,218900,258500,229200,NOVA_SCOTIA
Oct 2014,140.9,141.2,141.7,141,153,135.3,203600,200100,175900,221200,253200,230700,NOVA_SCOTIA
Nov 2014,140.3,140.7,143.4,139.1,150.9,132.8,202700,199400,177900,218200,249700,226500,NOVA_SCOTIA
Dec 2014,138.4,138.4,140.6,137.6,155.8,132.6,200000,196100,174500,215900,257800,226000,NOVA_SCOTIA
Jan 2015,138,137.8,140.3,136.1,158.6,136,199400,195200,174100,213500,262500,231800,NOVA_SCOTIA
Feb 2015,138.8,138,141.1,136.6,164.6,138.5,200500,195600,175100,214300,272400,236100,NOVA_SCOTIA
Mar 2015,138.9,138.5,142.7,138.5,166.6,133.8,200700,196300,177100,217300,275700,228200,NOVA_SCOTIA
Apr 2015,140.7,140.5,142.6,142.3,164.5,133.8,203300,199100,177000,223200,272300,228100,NOVA_SCOTIA
May 2015,138.3,138.7,141.4,138.8,160.8,129,199900,196500,175500,217700,266100,220000,NOVA_SCOTIA
Jun 2015,137.3,137.4,141.4,135.9,155.7,133.4,198400,194700,175500,213300,257700,227400,NOVA_SCOTIA
Jul 2015,139,139.4,141.7,138.8,154.1,133.5,200900,197600,175800,217800,255100,227700,NOVA_SCOTIA
Aug 2015,139.7,140.2,143.8,138.4,149,136.4,201900,198600,178400,217100,246600,232500,NOVA_SCOTIA
Sep 2015,139.7,140.2,143,138.4,151.4,133.8,201800,198700,177500,217100,250600,228100,NOVA_SCOTIA
Oct 2015,138.8,139.2,143.4,136.7,151.7,132.1,200600,197300,177900,214500,251000,225200,NOVA_SCOTIA
Nov 2015,139,139.4,141.8,137.9,152.4,131.9,200800,197500,176000,216400,252300,224900,NOVA_SCOTIA
Dec 2015,138,138.1,144.1,135,153.8,133,199400,195700,178800,211800,254500,226700,NOVA_SCOTIA
Jan 2016,139.4,140.1,139.6,140.8,148.3,135.8,201500,198500,173200,220900,245500,231500,NOVA_SCOTIA
Feb 2016,138.5,139.1,142.4,137.6,145.7,135.3,200200,197100,176700,215900,241200,230700,NOVA_SCOTIA
Mar 2016,134.2,134,139.3,133.8,143.4,139.1,193900,189900,172900,209900,237400,237100,NOVA_SCOTIA
Apr 2016,134.5,133.9,140.1,132.4,157.8,137.6,194300,189700,173900,207800,261100,234600,NOVA_SCOTIA
May 2016,137.2,136.8,142.8,134.7,157.6,140.2,198200,193900,177200,211400,260800,239000,NOVA_SCOTIA
Jun 2016,139.7,139.6,145.9,137.1,160.4,139.5,201800,197800,181000,215100,265500,237800,NOVA_SCOTIA
Jul 2016,138.5,138.3,141.1,137,160,140.6,200100,196000,175100,214900,264800,239700,NOVA_SCOTIA
Aug 2016,137.7,137.6,140.6,136.1,155.1,141.1,199000,195000,174500,213500,256700,240600,NOVA_SCOTIA
Sep 2016,139.7,140,141.9,138.6,153.5,138.1,201900,198400,176100,217400,254000,235500,NOVA_SCOTIA
Oct 2016,139.7,139.7,142.4,137.8,156.8,140.5,201900,197900,176700,216200,259500,239600,NOVA_SCOTIA
Nov 2016,139.1,138.9,142.4,135.8,164.5,135.5,201000,196800,176700,213100,272300,231100,NOVA_SCOTIA
Dec 2016,143.3,143.1,141.4,145.3,167.6,137.8,207000,202800,175500,227900,277300,235000,NOVA_SCOTIA
Jan 2017,142.4,142.8,142.8,142.4,165.2,137.6,205800,202400,177200,223400,273400,234600,NOVA_SCOTIA
Feb 2017,139.9,139.7,142.6,137.8,164.4,137.9,202100,197900,177000,216200,272100,235200,NOVA_SCOTIA
Mar 2017,137.9,137.8,139.9,139.5,161,136.1,199300,195200,173600,218800,266400,232100,NOVA_SCOTIA
Apr 2017,139,139.2,141.9,140.3,160.1,135.9,200900,197300,176100,220200,265000,231700,NOVA_SCOTIA
May 2017,139.9,139.7,143.1,139.4,169.2,138.5,202100,197900,177600,218700,280000,236100,NOVA_SCOTIA
Jun 2017,140.5,140.4,142.2,141.6,165.9,139,203000,199000,176500,222100,274600,237000,NOVA_SCOTIA
Jul 2017,143,143,144.6,142.6,165.5,142.5,206700,202700,179500,223800,273900,242900,NOVA_SCOTIA
Aug 2017,141.9,142,143.1,141.4,160.9,142.5,205100,201200,177600,221900,266300,243000,NOVA_SCOTIA
Sep 2017,143.3,143.1,143.5,142.3,163.7,145.6,207100,202800,178100,223200,271000,248200,NOVA_SCOTIA
Oct 2017,142.9,142.9,144,141.7,160.1,142.3,206500,202500,178700,222300,264900,242700,NOVA_SCOTIA
Nov 2017,146.1,146.6,146.4,145.8,159.8,138.9,211100,207700,181700,228800,264500,236900,NOVA_SCOTIA
Dec 2017,144.8,145.2,145,145.6,157.2,139.2,209200,205700,180000,228400,260100,237400,NOVA_SCOTIA
Jan 2018,145,145.5,147.1,143.8,164.2,140.1,209500,206200,182600,225600,271700,238900,NOVA_SCOTIA
Feb 2018,146.6,147.4,147.5,147.4,161.3,139.7,211900,208800,183000,231200,266900,238200,NOVA_SCOTIA
Mar 2018,146,146.6,152.7,145.4,152.7,145.6,211000,207800,189500,228100,252800,248300,NOVA_SCOTIA
Apr 2018,145.3,145.9,149.2,145.8,151.1,141.5,209900,206800,185200,228700,250100,241300,NOVA_SCOTIA
May 2018,146,146.5,149.8,146,154.9,146.1,210900,207600,185900,229000,256400,249100,NOVA_SCOTIA
Jun 2018,145.7,146.3,149.9,146.1,156.1,145.8,210600,207300,186000,229300,258400,248600,NOVA_SCOTIA
Jul 2018,148.3,149,150.8,148.6,155.3,147.5,214300,211200,187200,233100,257000,251500,NOVA_SCOTIA
Aug 2018,150.1,151.1,152.1,150.2,155.1,146,216900,214100,188700,235700,256700,248900,NOVA_SCOTIA
Sep 2018,150.3,151.2,150.2,151.4,155.4,143.7,217200,214300,186400,237600,257200,245000,NOVA_SCOTIA
Oct 2018,152.4,153.4,154.1,152.1,154.7,144.5,220200,217400,191200,238600,256100,246400,NOVA_SCOTIA
Nov 2018,152.2,152.9,151.6,152.8,155.6,145.8,219900,216700,188100,239700,257500,248600,NOVA_SCOTIA
Dec 2018,152,152.7,154.2,151.6,153.5,146.6,219700,216400,191400,237800,254000,249900,NOVA_SCOTIA
Jan 2019,153,154.1,155.2,153,157.2,148.8,221100,218400,192600,240100,260100,253700,NOVA_SCOTIA
Feb 2019,152.2,153,152.9,153,156.1,149.8,220000,216800,189700,240000,258400,255400,NOVA_SCOTIA
Mar 2019,152.4,153.1,154.4,154.1,159.9,147.4,220200,216900,191600,241800,264600,251400,NOVA_SCOTIA
Apr 2019,153.4,153.8,155.2,154.7,163.2,153.2,221600,217900,192600,242700,270100,261200,NOVA_SCOTIA
May 2019,154.7,155.4,155,157.6,160.3,152.8,223500,220200,192400,247200,265300,260500,NOVA_SCOTIA
Jun 2019,155.8,156.2,157.6,157.7,165.1,156.3,225100,221300,195600,247500,273200,266500,NOVA_SCOTIA
Jul 2019,155.8,156.5,157.1,157.3,162.7,154.1,225100,221800,195000,246800,269300,262800,NOVA_SCOTIA
Aug 2019,160.1,160.8,159.1,162.2,164.8,155.8,231300,227900,197400,254500,272700,265700,NOVA_SCOTIA
Sep 2019,159.8,160.5,160.4,160.4,161.8,155.7,230900,227400,199000,251700,267800,265500,NOVA_SCOTIA
Oct 2019,161,161.8,157.6,163.9,161,155.2,232600,229300,195600,257200,266500,264600,NOVA_SCOTIA
Nov 2019,163.1,164,161.8,164.9,161.6,154.1,235700,232400,200800,258800,267500,262800,NOVA_SCOTIA
Dec 2019,165.9,167.1,161.6,171.3,161.8,154.2,239700,236800,200500,268800,267700,262900,NOVA_SCOTIA
Jan 2020,162.4,163.1,162.9,163.7,164.8,159.6,234600,231100,202100,256800,272800,272100,NOVA_SCOTIA
Feb 2020,165.5,166.5,164.5,168.3,165.7,159.4,239200,236000,204200,264100,274300,271800,NOVA_SCOTIA
Mar 2020,167.8,168.6,166.3,172.2,168.2,164.4,242500,238900,206400,270200,278300,280300,NOVA_SCOTIA
Apr 2020,168.2,169.2,168.2,171.4,164.4,165,243000,239800,208700,269000,272100,281400,NOVA_SCOTIA
May 2020,167.6,168.2,167.3,170.7,174.4,166.1,242200,238400,207600,267800,288600,283200,NOVA_SCOTIA
Jun 2020,167.3,167.6,168.3,169.2,172.6,170.4,241700,237500,208900,265400,285600,290600,NOVA_SCOTIA
Jul 2020,170,170.8,171.6,171.6,176.4,168.7,245700,242000,213000,269200,291900,287700,NOVA_SCOTIA
Aug 2020,174.7,175.3,175.3,175.5,178.7,172.8,252500,248400,217600,275300,295800,294600,NOVA_SCOTIA
Sep 2020,181,181.9,181.1,182.7,184,174.1,261500,257700,224800,286700,304600,296900,NOVA_SCOTIA
Oct 2020,185.4,186.2,185.5,185.7,187.6,177.5,267900,263900,230200,291300,310500,302700,NOVA_SCOTIA
Nov 2020,187.1,187.6,189.9,185.2,189.2,179,270300,265900,235700,290600,313200,305200,NOVA_SCOTIA
Dec 2020,190.5,191.2,194.8,188.5,190.8,182.4,275300,270900,241700,295700,315800,311000,NOVA_SCOTIA
Jan 2021,193.3,194.8,198.1,192.4,194.6,182.8,279300,276000,245900,301900,322000,311600,NOVA_SCOTIA
Feb 2021,196.4,198.1,196.8,198.5,195.5,183.6,283800,280700,244200,311500,323500,313000,NOVA_SCOTIA
Mar 2021,200.1,201.6,207,199.7,201,187.4,289200,285700,256900,313300,332700,319500,NOVA_SCOTIA
Apr 2021,208.4,209.5,215,206.2,213.9,200.5,301100,296900,266800,323500,354000,341900,NOVA_SCOTIA
May 2021,214.8,215.7,220.5,214,229.6,206.7,310400,305700,273600,335800,380000,352400,NOVA_SCOTIA
Jun 2021,221.6,222.5,228.8,219.5,236.4,214.1,320200,315300,284000,344400,391300,365000,NOVA_SCOTIA
Jul 2021,225.4,226.2,230,224.5,246.7,217.7,325700,320500,285400,352300,408300,371200,NOVA_SCOTIA
Aug 2021,228.6,229.5,231.2,228.8,243,218.5,330300,325200,286900,359000,402200,372600,NOVA_SCOTIA
Sep 2021,231.6,232.1,235.3,230,245.9,222.2,334600,328900,292000,360900,407000,378900,NOVA_SCOTIA
Oct 2021,236.3,237.3,237.1,236.2,242.4,223.5,341400,336300,294300,370600,401200,381000,NOVA_SCOTIA
Nov 2021,241.2,242.3,241.9,241.9,236.6,227,348500,343400,300200,379500,391500,387100,NOVA_SCOTIA
Dec 2021,246,247.1,249.8,244.2,243,233.7,355500,350100,310000,383200,402200,398500,NOVA_SCOTIA
Jan 2022,252,253.8,254.3,252.3,255.3,237.9,364200,359600,315600,395800,422600,405700,NOVA_SCOTIA
Feb 2022,256.3,257.8,260.3,254.3,270.5,240.9,370300,365300,323000,399000,447700,410700,NOVA_SCOTIA
Mar 2022,275.2,276.1,291.6,267,302.3,257.4,397600,391200,361900,419000,500300,438900,NOVA_SCOTIA
Apr 2022,282.4,284.5,292.4,280,303,262,408000,403100,362900,439300,501500,446700,NOVA_SCOTIA
May 2022,282.3,282.6,294.4,276,305.7,283,407900,400400,365400,433100,506000,482500,NOVA_SCOTIA
Jun 2022,281.5,282.2,286.5,280,296.3,281.4,406700,399900,355600,439300,490300,479800,NOVA_SCOTIA
Jul 2022,278.1,278.6,281.3,277.2,290.9,282.7,401800,394800,349100,434900,481500,482000,NOVA_SCOTIA
Aug 2022,269.3,269.5,273.7,268,284.6,273.4,389100,381900,339600,420500,471000,466200,NOVA_SCOTIA
Sep 2022,265.3,265.8,267.8,265.2,284.8,260.6,383400,376600,332400,416100,471400,444400,NOVA_SCOTIA
Jan 2005,100,100,100,100,,,118200,118200,118200,118300,,,PRINCE_EDWARD_ISLAND
Feb 2005,101.6,101.6,100.9,102.5,,,120100,120100,119300,121300,,,PRINCE_EDWARD_ISLAND
Mar 2005,103.2,103.2,101.9,104.7,,,122000,122000,120500,123900,,,PRINCE_EDWARD_ISLAND
Apr 2005,104.1,104.1,103,106.1,,,123100,123100,121700,125500,,,PRINCE_EDWARD_ISLAND
May 2005,105.1,105.1,103.9,107.1,,,124200,124200,122800,126700,,,PRINCE_EDWARD_ISLAND
Jun 2005,105.8,105.8,104.5,108,,,125000,125000,123500,127800,,,PRINCE_EDWARD_ISLAND
Jul 2005,105.7,105.7,104.9,106.8,,,124900,124900,124000,126400,,,PRINCE_EDWARD_ISLAND
Aug 2005,105.5,105.5,105.2,105.8,,,124700,124700,124400,125200,,,PRINCE_EDWARD_ISLAND
Sep 2005,105.3,105.3,105.2,104.4,,,124500,124500,124400,123500,,,PRINCE_EDWARD_ISLAND
Oct 2005,105.6,105.6,105,106.3,,,124800,124800,124100,125700,,,PRINCE_EDWARD_ISLAND
Nov 2005,105.8,105.8,104.5,107.8,,,125100,125100,123500,127500,,,PRINCE_EDWARD_ISLAND
Dec 2005,106.2,106.2,104.6,109.3,,,125500,125500,123600,129300,,,PRINCE_EDWARD_ISLAND
Jan 2006,107.4,107.4,105.2,110.9,,,126900,126900,124300,131200,,,PRINCE_EDWARD_ISLAND
Feb 2006,108,108,105.8,111.5,,,127700,127700,125000,131900,,,PRINCE_EDWARD_ISLAND
Mar 2006,108.8,108.8,106.4,111.7,,,128600,128600,125800,132200,,,PRINCE_EDWARD_ISLAND
Apr 2006,108.6,108.6,107.4,110.9,,,128400,128400,126900,131200,,,PRINCE_EDWARD_ISLAND
May 2006,108.7,108.7,108.3,109.5,,,128500,128500,128000,129500,,,PRINCE_EDWARD_ISLAND
Jun 2006,108.4,108.4,109.1,108,,,128100,128100,128900,127800,,,PRINCE_EDWARD_ISLAND
Jul 2006,108.3,108.3,109.3,106.8,,,128000,128000,129200,126300,,,PRINCE_EDWARD_ISLAND
Aug 2006,108,108,109.4,105.7,,,127600,127600,129300,125000,,,PRINCE_EDWARD_ISLAND
Sep 2006,107.7,107.7,109.3,104.1,,,127300,127300,129200,123100,,,PRINCE_EDWARD_ISLAND
Oct 2006,107.8,107.8,109.2,105.4,,,127400,127400,129100,124700,,,PRINCE_EDWARD_ISLAND
Nov 2006,108.1,108.1,109,106.3,,,127800,127800,128800,125800,,,PRINCE_EDWARD_ISLAND
Dec 2006,108.4,108.4,109.2,107.4,,,128100,128100,129100,127100,,,PRINCE_EDWARD_ISLAND
Jan 2007,110,110,109.8,110,,,130000,130000,129800,130100,,,PRINCE_EDWARD_ISLAND
Feb 2007,111.1,111.1,110.7,111.7,,,131300,131300,130900,132200,,,PRINCE_EDWARD_ISLAND
Mar 2007,112.3,112.3,111.4,113,,,132700,132700,131700,133700,,,PRINCE_EDWARD_ISLAND
Apr 2007,111.5,111.5,110.7,112.8,,,131800,131800,130900,133500,,,PRINCE_EDWARD_ISLAND
May 2007,110.9,110.9,110,112.7,,,131100,131100,130000,133300,,,PRINCE_EDWARD_ISLAND
Jun 2007,110.2,110.2,109.2,112.2,,,130300,130300,129100,132700,,,PRINCE_EDWARD_ISLAND
Jul 2007,111.9,111.9,110.3,114.5,,,132300,132300,130400,135500,,,PRINCE_EDWARD_ISLAND
Aug 2007,113.4,113.4,111.3,116.7,,,134000,134000,131500,138000,,,PRINCE_EDWARD_ISLAND
Sep 2007,115,115,111.9,118.7,,,135900,135900,132300,140400,,,PRINCE_EDWARD_ISLAND
Oct 2007,116.7,116.7,113.6,121,,,137900,137900,134300,143200,,,PRINCE_EDWARD_ISLAND
Nov 2007,118.4,118.4,114.7,123.4,,,139900,139900,135600,146000,,,PRINCE_EDWARD_ISLAND
Dec 2007,120.2,120.2,116.8,126,,,142100,142100,138100,149100,,,PRINCE_EDWARD_ISLAND
Jan 2008,121,121,117.2,126.4,,,143000,143000,138500,149500,,,PRINCE_EDWARD_ISLAND
Feb 2008,121.1,121.1,118.1,126,,,143100,143100,139600,149000,,,PRINCE_EDWARD_ISLAND
Mar 2008,121,121,118.6,124,,,143000,143000,140200,146700,,,PRINCE_EDWARD_ISLAND
Apr 2008,120.3,120.3,118.4,123.7,,,142200,142200,140000,146300,,,PRINCE_EDWARD_ISLAND
May 2008,120.4,120.4,118.3,124.1,,,142300,142300,139800,146800,,,PRINCE_EDWARD_ISLAND
Jun 2008,120.3,120.3,118.5,123.5,,,142200,142200,140100,146100,,,PRINCE_EDWARD_ISLAND
Jul 2008,120.2,120.2,118.2,123.4,,,142100,142100,139700,146000,,,PRINCE_EDWARD_ISLAND
Aug 2008,119.9,119.9,117.9,122.7,,,141700,141700,139400,145100,,,PRINCE_EDWARD_ISLAND
Sep 2008,119.8,119.8,117.3,122.5,,,141600,141600,138600,144900,,,PRINCE_EDWARD_ISLAND
Oct 2008,120.6,120.6,120.1,121,,,142600,142600,141900,143200,,,PRINCE_EDWARD_ISLAND
Nov 2008,121.1,121.1,122.2,118.8,,,143100,143100,144400,140500,,,PRINCE_EDWARD_ISLAND
Dec 2008,122,122,125.1,117.3,,,144200,144200,147900,138800,,,PRINCE_EDWARD_ISLAND
Jan 2009,120.7,120.7,122.8,116.8,,,142700,142700,145200,138200,,,PRINCE_EDWARD_ISLAND
Feb 2009,119.7,119.7,121.9,116.6,,,141500,141500,144100,137900,,,PRINCE_EDWARD_ISLAND
Mar 2009,118.4,118.4,119.8,115.1,,,140000,140000,141600,136200,,,PRINCE_EDWARD_ISLAND
Apr 2009,119.4,119.4,120,119.3,,,141100,141100,141800,141100,,,PRINCE_EDWARD_ISLAND
May 2009,120.6,120.6,120.1,122.8,,,142600,142600,141900,145300,,,PRINCE_EDWARD_ISLAND
Jun 2009,123.4,123.4,121.1,127.6,,,145900,145900,143100,150900,,,PRINCE_EDWARD_ISLAND
Jul 2009,124,124,121.7,127.7,,,146600,146600,143900,151100,,,PRINCE_EDWARD_ISLAND
Aug 2009,125,125,123.2,127.8,,,147700,147700,145600,151200,,,PRINCE_EDWARD_ISLAND
Sep 2009,125.8,125.8,123.9,127.9,,,148700,148700,146500,151300,,,PRINCE_EDWARD_ISLAND
Oct 2009,124.5,124.5,123,126.6,,,147200,147200,145400,149800,,,PRINCE_EDWARD_ISLAND
Nov 2009,123,123,121.2,125.4,,,145400,145400,143200,148400,,,PRINCE_EDWARD_ISLAND
Dec 2009,122.2,122.2,120.5,125,,,144400,144400,142400,147900,,,PRINCE_EDWARD_ISLAND
Jan 2010,120.2,120.2,118.5,121.6,,,142100,142100,140100,143800,,,PRINCE_EDWARD_ISLAND
Feb 2010,120.4,120.4,118.3,124.3,,,142300,142300,139800,147000,,,PRINCE_EDWARD_ISLAND
Mar 2010,127.8,127.8,126.7,128.3,,,151100,151100,149800,151800,,,PRINCE_EDWARD_ISLAND
Apr 2010,129.2,129.2,126.7,134.3,,,152700,152700,149800,158900,,,PRINCE_EDWARD_ISLAND
May 2010,127.9,127.9,128.8,128.1,,,151200,151200,152300,151600,,,PRINCE_EDWARD_ISLAND
Jun 2010,127.2,127.2,126.5,128.8,,,150300,150300,149500,152400,,,PRINCE_EDWARD_ISLAND
Jul 2010,126.6,126.6,127,126.4,,,149700,149700,150100,149500,,,PRINCE_EDWARD_ISLAND
Aug 2010,127.1,127.1,125.7,129.1,,,150200,150200,148600,152700,,,PRINCE_EDWARD_ISLAND
Sep 2010,126.1,126.1,124.7,127.8,,,149100,149100,147400,151200,,,PRINCE_EDWARD_ISLAND
Oct 2010,126.4,126.4,124.9,128.5,,,149400,149400,147600,152000,,,PRINCE_EDWARD_ISLAND
Nov 2010,128.8,128.8,127.4,131,,,152200,152200,150600,155000,,,PRINCE_EDWARD_ISLAND
Dec 2010,128.2,128.2,127.1,129.6,,,151500,151500,150200,153300,,,PRINCE_EDWARD_ISLAND
Jan 2011,131.6,131.6,127.5,136.2,,,155600,155600,150700,161100,,,PRINCE_EDWARD_ISLAND
Feb 2011,129.5,129.5,128.5,131.6,,,153100,153100,151900,155700,,,PRINCE_EDWARD_ISLAND
Mar 2011,125.3,125.3,128.5,118.4,,,148100,148100,151900,140100,,,PRINCE_EDWARD_ISLAND
Apr 2011,129.2,129.2,129.2,129.8,,,152700,152700,152700,153600,,,PRINCE_EDWARD_ISLAND
May 2011,128.5,128.5,129.6,129.2,,,151900,151900,153200,152800,,,PRINCE_EDWARD_ISLAND
Jun 2011,129.2,129.2,130.2,127.6,,,152700,152700,153900,151000,,,PRINCE_EDWARD_ISLAND
Jul 2011,130.8,130.8,130.9,130.8,,,154600,154600,154700,154700,,,PRINCE_EDWARD_ISLAND
Aug 2011,131.7,131.7,131.8,131.6,,,155700,155700,155800,155700,,,PRINCE_EDWARD_ISLAND
Sep 2011,133.4,133.4,132.1,135.2,,,157700,157700,156200,159900,,,PRINCE_EDWARD_ISLAND
Oct 2011,131.6,131.6,131.1,131.9,,,155600,155600,155000,156000,,,PRINCE_EDWARD_ISLAND
Nov 2011,129.7,129.7,129.9,129.7,,,153300,153300,153600,153400,,,PRINCE_EDWARD_ISLAND
Dec 2011,130.1,130.1,129.8,130.3,,,153800,153800,153400,154200,,,PRINCE_EDWARD_ISLAND
Jan 2012,129.6,129.6,129.9,125.7,,,153200,153200,153500,148700,,,PRINCE_EDWARD_ISLAND
Feb 2012,131.9,131.9,130.3,135.3,,,155900,155900,154000,160100,,,PRINCE_EDWARD_ISLAND
Mar 2012,131.5,131.5,131.9,129.1,,,155400,155400,155900,152700,,,PRINCE_EDWARD_ISLAND
Apr 2012,130.3,130.3,133.9,124.6,,,154000,154000,158300,147400,,,PRINCE_EDWARD_ISLAND
May 2012,133,133,136.8,129.7,,,157200,157200,161700,153400,,,PRINCE_EDWARD_ISLAND
Jun 2012,130.8,130.8,133.2,127,,,154600,154600,157400,150300,,,PRINCE_EDWARD_ISLAND
Jul 2012,129.7,129.7,131.5,127,,,153300,153300,155400,150300,,,PRINCE_EDWARD_ISLAND
Aug 2012,128,128,130.5,123.8,,,151300,151300,154300,146500,,,PRINCE_EDWARD_ISLAND
Sep 2012,127.2,127.2,129.4,123.5,,,150400,150400,152900,146100,,,PRINCE_EDWARD_ISLAND
Oct 2012,130,130,130.5,128.8,,,153700,153700,154300,152400,,,PRINCE_EDWARD_ISLAND
Nov 2012,130.9,130.9,128.8,134.8,,,154700,154700,152200,159500,,,PRINCE_EDWARD_ISLAND
Dec 2012,129.8,129.8,130.2,128.8,,,153400,153400,153900,152400,,,PRINCE_EDWARD_ISLAND
Jan 2013,127.2,127.2,127.9,122.1,,,150300,150300,151200,144400,,,PRINCE_EDWARD_ISLAND
Feb 2013,126.6,126.6,132.3,117.5,,,149600,149600,156400,139000,,,PRINCE_EDWARD_ISLAND
Mar 2013,128,128,133.9,117,,,151300,151300,158300,138400,,,PRINCE_EDWARD_ISLAND
Apr 2013,130.4,130.4,134.1,124,,,154100,154100,158500,146700,,,PRINCE_EDWARD_ISLAND
May 2013,129.7,129.7,135.1,123.7,,,153300,153300,159700,146300,,,PRINCE_EDWARD_ISLAND
Jun 2013,130.1,130.1,132.3,127,,,153800,153800,156400,150200,,,PRINCE_EDWARD_ISLAND
Jul 2013,132.2,132.2,134.6,128.5,,,156300,156300,159100,152000,,,PRINCE_EDWARD_ISLAND
Aug 2013,132.8,132.8,134.9,129.2,,,157000,157000,159500,152800,,,PRINCE_EDWARD_ISLAND
Sep 2013,131.1,131.1,135,124.5,,,155000,155000,159600,147300,,,PRINCE_EDWARD_ISLAND
Oct 2013,128.5,128.5,134,119.2,,,151900,151900,158400,141000,,,PRINCE_EDWARD_ISLAND
Nov 2013,127,127,133.1,117.4,,,150100,150100,157300,138900,,,PRINCE_EDWARD_ISLAND
Dec 2013,128.2,128.2,132.3,121.1,,,151500,151500,156400,143300,,,PRINCE_EDWARD_ISLAND
Jan 2014,133.4,133.4,132.7,130.8,,,157700,157700,156800,154700,,,PRINCE_EDWARD_ISLAND
Feb 2014,128.1,128.1,129.9,125.2,,,151400,151400,153500,148100,,,PRINCE_EDWARD_ISLAND
Mar 2014,128.1,128.1,127.7,127.9,,,151400,151400,151000,151300,,,PRINCE_EDWARD_ISLAND
Apr 2014,127.4,127.4,127.5,126.9,,,150600,150600,150700,150100,,,PRINCE_EDWARD_ISLAND
May 2014,131,131,134.9,127,,,154900,154900,159500,150300,,,PRINCE_EDWARD_ISLAND
Jun 2014,131.5,131.5,133.5,128.4,,,155400,155400,157800,151900,,,PRINCE_EDWARD_ISLAND
Jul 2014,129.4,129.4,132.1,125.1,,,152900,152900,156200,148000,,,PRINCE_EDWARD_ISLAND
Aug 2014,129.4,129.4,130,128.1,,,153000,153000,153700,151600,,,PRINCE_EDWARD_ISLAND
Sep 2014,130.3,130.3,130.9,129.1,,,154000,154000,154700,152700,,,PRINCE_EDWARD_ISLAND
Oct 2014,132.5,132.5,130,136.5,,,156600,156600,153700,161500,,,PRINCE_EDWARD_ISLAND
Nov 2014,132.7,132.7,131.5,135.2,,,156900,156900,155400,159900,,,PRINCE_EDWARD_ISLAND
Dec 2014,133.2,133.2,132.8,134.1,,,157500,157500,157000,158600,,,PRINCE_EDWARD_ISLAND
Jan 2015,138.3,138.3,134.7,140.7,,,163500,163500,159200,166400,,,PRINCE_EDWARD_ISLAND
Feb 2015,139.3,139.3,134.9,147.4,,,164700,164700,159400,174400,,,PRINCE_EDWARD_ISLAND
Mar 2015,137.7,137.7,134.7,143,,,162800,162800,159200,169200,,,PRINCE_EDWARD_ISLAND
Apr 2015,137.6,137.6,135.4,141,,,162600,162600,160000,166800,,,PRINCE_EDWARD_ISLAND
May 2015,137.5,137.5,136.6,142,,,162500,162500,161500,168000,,,PRINCE_EDWARD_ISLAND
Jun 2015,137.1,137.1,136.3,138.9,,,162000,162000,161100,164300,,,PRINCE_EDWARD_ISLAND
Jul 2015,137.6,137.6,134.7,143.1,,,162600,162600,159200,169300,,,PRINCE_EDWARD_ISLAND
Aug 2015,134.8,134.8,134.9,134.2,,,159300,159300,159400,158700,,,PRINCE_EDWARD_ISLAND
Sep 2015,136,136,133.2,141.1,,,160800,160800,157500,166900,,,PRINCE_EDWARD_ISLAND
Oct 2015,134.9,134.9,132.7,138.5,,,159400,159400,156900,163900,,,PRINCE_EDWARD_ISLAND
Nov 2015,138.1,138.1,134.9,143.9,,,163200,163200,159400,170200,,,PRINCE_EDWARD_ISLAND
Dec 2015,139.4,139.4,135.6,146.4,,,164800,164800,160300,173200,,,PRINCE_EDWARD_ISLAND
Jan 2016,140,140,138.3,139.9,,,165500,165500,163500,165500,,,PRINCE_EDWARD_ISLAND
Feb 2016,139,139,139.1,138.5,,,164300,164300,164400,163800,,,PRINCE_EDWARD_ISLAND
Mar 2016,141.5,141.5,140.9,142.7,,,167300,167300,166600,168800,,,PRINCE_EDWARD_ISLAND
Apr 2016,141.2,141.2,137.3,147.7,,,166900,166900,162300,174700,,,PRINCE_EDWARD_ISLAND
May 2016,140.7,140.7,137.8,148.1,,,166300,166300,162900,175200,,,PRINCE_EDWARD_ISLAND
Jun 2016,143,143,137.5,153,,,169000,169000,162500,181000,,,PRINCE_EDWARD_ISLAND
Jul 2016,144.7,144.7,140.4,152.4,,,171000,171000,165900,180300,,,PRINCE_EDWARD_ISLAND
Aug 2016,147.4,147.4,141.1,158,,,174200,174200,166800,186900,,,PRINCE_EDWARD_ISLAND
Sep 2016,148.8,148.8,143.2,158.9,,,175900,175900,169300,188000,,,PRINCE_EDWARD_ISLAND
Oct 2016,148,148,142.9,156.4,,,174900,174900,168900,185000,,,PRINCE_EDWARD_ISLAND
Nov 2016,148,148,141.7,158.2,,,174900,174900,167500,187200,,,PRINCE_EDWARD_ISLAND
Dec 2016,145.6,145.6,140.6,154.4,,,172100,172100,166200,182700,,,PRINCE_EDWARD_ISLAND
Jan 2017,144.5,144.5,137.2,155.2,,,170800,170800,162200,183600,,,PRINCE_EDWARD_ISLAND
Feb 2017,145.6,145.6,139.1,156.6,,,172100,172100,164400,185300,,,PRINCE_EDWARD_ISLAND
Mar 2017,150.4,150.4,143.6,162,,,177800,177800,169700,191600,,,PRINCE_EDWARD_ISLAND
Apr 2017,150.8,150.8,145.9,158.5,,,178200,178200,172400,187500,,,PRINCE_EDWARD_ISLAND
May 2017,149.3,149.3,145.2,158.7,,,176500,176500,171600,187800,,,PRINCE_EDWARD_ISLAND
Jun 2017,153,153,149.5,159,,,180900,180900,176700,188100,,,PRINCE_EDWARD_ISLAND
Jul 2017,152.7,152.7,148.4,159.5,,,180500,180500,175400,188700,,,PRINCE_EDWARD_ISLAND
Aug 2017,155.8,155.8,152.3,161.1,,,184200,184200,180000,190600,,,PRINCE_EDWARD_ISLAND
Sep 2017,155.2,155.2,151.7,160.8,,,183400,183400,179300,190200,,,PRINCE_EDWARD_ISLAND
Oct 2017,161.7,161.7,156.1,170,,,191100,191100,184500,201100,,,PRINCE_EDWARD_ISLAND
Nov 2017,162.5,162.5,157.9,169.1,,,192100,192100,186600,200000,,,PRINCE_EDWARD_ISLAND
Dec 2017,163.9,163.9,160.2,169.7,,,193700,193700,189300,200700,,,PRINCE_EDWARD_ISLAND
Jan 2018,163.2,163.2,157,171.9,,,192900,192900,185600,203300,,,PRINCE_EDWARD_ISLAND
Feb 2018,163.8,163.8,157.4,173.5,,,193600,193600,186000,205300,,,PRINCE_EDWARD_ISLAND
Mar 2018,165.6,165.6,155.3,181,,,195700,195700,183600,214100,,,PRINCE_EDWARD_ISLAND
Apr 2018,164,164,155,177.3,,,193900,193900,183200,209700,,,PRINCE_EDWARD_ISLAND
May 2018,170,170,165.8,179.1,,,200900,200900,196000,211900,,,PRINCE_EDWARD_ISLAND
Jun 2018,166.8,166.8,161,175.1,,,197100,197100,190300,207200,,,PRINCE_EDWARD_ISLAND
Jul 2018,171.7,171.7,164.7,181.5,,,203000,203000,194700,214700,,,PRINCE_EDWARD_ISLAND
Aug 2018,173.6,173.6,165,185.5,,,205200,205200,195000,219500,,,PRINCE_EDWARD_ISLAND
Sep 2018,178.2,178.2,169.6,190.3,,,210600,210600,200500,225100,,,PRINCE_EDWARD_ISLAND
Oct 2018,177.3,177.3,170.7,186.1,,,209600,209600,201800,220200,,,PRINCE_EDWARD_ISLAND
Nov 2018,177.8,177.8,172,185.5,,,210200,210200,203300,219500,,,PRINCE_EDWARD_ISLAND
Dec 2018,178,178,170.4,188.7,,,210400,210400,201400,223200,,,PRINCE_EDWARD_ISLAND
Jan 2019,181.2,181.2,173.5,191,,,214200,214200,205100,225900,,,PRINCE_EDWARD_ISLAND
Feb 2019,183.5,183.5,177.2,192.6,,,216900,216900,209400,227800,,,PRINCE_EDWARD_ISLAND
Mar 2019,182.8,182.8,176.4,191.5,,,216100,216100,208500,226600,,,PRINCE_EDWARD_ISLAND
Apr 2019,187.6,187.6,182.7,193.6,,,221800,221800,216000,229000,,,PRINCE_EDWARD_ISLAND
May 2019,185.2,185.2,181.4,194.3,,,218900,218900,214400,229800,,,PRINCE_EDWARD_ISLAND
Jun 2019,186.6,186.6,182,192.4,,,220600,220600,215100,227600,,,PRINCE_EDWARD_ISLAND
Jul 2019,186.5,186.5,180,194.7,,,220400,220400,212800,230300,,,PRINCE_EDWARD_ISLAND
Aug 2019,186.3,186.3,181.6,192.4,,,220200,220200,214600,227600,,,PRINCE_EDWARD_ISLAND
Sep 2019,186.5,186.5,180.2,195.1,,,220500,220500,213000,230800,,,PRINCE_EDWARD_ISLAND
Oct 2019,187.9,187.9,182.8,194.3,,,222100,222100,216100,229900,,,PRINCE_EDWARD_ISLAND
Nov 2019,189.5,189.5,184.7,195.5,,,224000,224000,218300,231300,,,PRINCE_EDWARD_ISLAND
Dec 2019,193.1,193.1,188.2,199.4,,,228300,228300,222400,235900,,,PRINCE_EDWARD_ISLAND
Jan 2020,197.1,197.1,193.2,201.5,,,233000,233000,228400,238400,,,PRINCE_EDWARD_ISLAND
Feb 2020,198.1,198.1,195.9,201.3,,,234200,234200,231600,238100,,,PRINCE_EDWARD_ISLAND
Mar 2020,196.6,196.6,195.8,197,,,232400,232400,231400,233000,,,PRINCE_EDWARD_ISLAND
Apr 2020,197.9,197.9,193.1,203,,,233900,233900,228300,240200,,,PRINCE_EDWARD_ISLAND
May 2020,191.1,191.1,188.6,197.9,,,225900,225900,222900,234100,,,PRINCE_EDWARD_ISLAND
Jun 2020,200.3,200.3,193.1,208.9,,,236700,236700,228200,247100,,,PRINCE_EDWARD_ISLAND
Jul 2020,202.4,202.4,198.2,207.3,,,239200,239200,234300,245200,,,PRINCE_EDWARD_ISLAND
Aug 2020,207.1,207.1,200.6,215.2,,,244800,244800,237100,254600,,,PRINCE_EDWARD_ISLAND
Sep 2020,210,210,205.9,215.2,,,248200,248200,243400,254600,,,PRINCE_EDWARD_ISLAND
Oct 2020,215.5,215.5,210.4,221.5,,,254700,254700,248700,262000,,,PRINCE_EDWARD_ISLAND
Nov 2020,219.7,219.7,214.3,226.4,,,259700,259700,253300,267800,,,PRINCE_EDWARD_ISLAND
Dec 2020,224.3,224.3,218.8,230.7,,,265100,265100,258600,272900,,,PRINCE_EDWARD_ISLAND
Jan 2021,227.3,227.3,219,237.5,,,268700,268700,258800,281000,,,PRINCE_EDWARD_ISLAND
Feb 2021,234.2,234.2,224.5,247.4,,,276800,276800,265300,292700,,,PRINCE_EDWARD_ISLAND
Mar 2021,235.5,235.5,229.4,242.8,,,278400,278400,271100,287200,,,PRINCE_EDWARD_ISLAND
Apr 2021,243.1,243.1,237.6,248.4,,,287300,287300,280800,293900,,,PRINCE_EDWARD_ISLAND
May 2021,249.7,249.7,244.5,261,,,295100,295100,289000,308800,,,PRINCE_EDWARD_ISLAND
Jun 2021,254.5,254.5,249.4,259.8,,,300800,300800,294800,307400,,,PRINCE_EDWARD_ISLAND
Jul 2021,261.4,261.4,255.8,268,,,309000,309000,302300,317100,,,PRINCE_EDWARD_ISLAND
Aug 2021,264.6,264.6,259.6,270.8,,,312800,312800,306800,320400,,,PRINCE_EDWARD_ISLAND
Sep 2021,269.5,269.5,263.6,277.1,,,318500,318500,311600,327800,,,PRINCE_EDWARD_ISLAND
Oct 2021,272,272,264,282,,,321500,321500,312000,333600,,,PRINCE_EDWARD_ISLAND
Nov 2021,275,275,266.6,286.3,,,325100,325100,315100,338700,,,PRINCE_EDWARD_ISLAND
Dec 2021,282.4,282.4,272.3,294.4,,,333800,333800,321800,348300,,,PRINCE_EDWARD_ISLAND
Jan 2022,283.3,283.3,274.9,293.8,,,334900,334900,324900,347600,,,PRINCE_EDWARD_ISLAND
Feb 2022,285.2,285.2,275.9,298.5,,,337100,337100,326100,353100,,,PRINCE_EDWARD_ISLAND
Mar 2022,293.7,293.7,284.9,304.1,,,347100,347100,336800,359800,,,PRINCE_EDWARD_ISLAND
Apr 2022,291.9,291.9,286.7,296.6,,,345000,345000,338900,350900,,,PRINCE_EDWARD_ISLAND
May 2022,296.2,296.2,290.6,308.5,,,350100,350100,343500,364900,,,PRINCE_EDWARD_ISLAND
Jun 2022,306.7,306.7,294.2,322.1,,,362500,362500,347700,381100,,,PRINCE_EDWARD_ISLAND
Jul 2022,308.9,308.9,295.1,325.9,,,365100,365100,348800,385500,,,PRINCE_EDWARD_ISLAND
Aug 2022,309.5,309.5,296.4,326.5,,,365800,365800,350400,386200,,,PRINCE_EDWARD_ISLAND
Sep 2022,308.6,308.6,296.4,324.9,,,364800,364800,350400,384400,,,PRINCE_EDWARD_ISLAND
